mc	mn	quarterbeats	quarterbeats_all_endings	duration_qb	mc_onset	mn_onset	event	timesig	staff	voice	duration	gracenote	nominal_duration	scalar	chord_id	lyrics_1	dynamics	articulation	tempo	qpm	metronome_base	metronome_number	tempo_visible	slur	decrescendo_hairpin	crescendo_hairpin
1	0	0	0	0.0	0	11/16	Tempo	3/4	1	1	0								ùÖü=50	50.0	ùÖü	50.0	1.0			
1	0	0	0	0.25	0	11/16	Chord	3/4	2	1	1/16		1/16	1	0											
2	1	1/4	1/4	0.75	0	0	Chord	3/4	2	1	3/16		1/8	3/2	1									0		
2	1	1	1	0.25	3/16	3/16	Chord	3/4	2	1	1/16		1/16	1	2									0		
2	1	5/4	5/4	1.75	1/4	1/4	Chord	3/4	2	1	7/16		1/4	7/4	3											
2	1	3	3	0.25	11/16	11/16	Chord	3/4	2	1	1/16		1/16	1	4									1		
2	1	1/4	1/4	0.0	0	0	Dynamic	3/4	3	1	0						p									
2	1	1/4	1/4	3.0	0	0	Chord	3/4	3	1	3/4		1/2	3/2	5											
3	2	13/4	13/4	0.75	0	0	Chord	3/4	2	1	3/16		1/8	3/2	6									2		
3	2	4	4	0.25	3/16	3/16	Chord	3/4	2	1	1/16		1/16	1	7									2		
3	2	17/4	17/4	1.75	1/4	1/4	Chord	3/4	2	1	7/16		1/4	7/4	8											
3	2	6	6	0.0	11/16	11/16	Spanner	3/4	2	1	0															0
3	2	6	6	0.25	11/16	11/16	Chord	3/4	2	1	1/16		1/16	1	9									3		0
3	2	13/4	13/4	3.0	0	0	Chord	3/4	3	1	3/4		1/2	3/2	10											
4	3	25/4	25/4	0.0	0	0	Spanner	3/4	2	1	0															
4	3	25/4	25/4	0.0	0	0	Spanner	3/4	2	1	0														0	
4	3	25/4	25/4	1.0	0	0	Chord	3/4	2	1	1/4		1/4	1	11										0	
4	3	29/4	29/4	0.3333333333333333	1/4	1/4	Chord	3/4	2	1	1/12		1/8	2/3	12									4	0	
4	3	91/12	91/12	0.3333333333333333	1/3	1/3	Chord	3/4	2	1	1/12		1/8	2/3	13									4	0	
4	3	95/12	95/12	0.3333333333333333	5/12	5/12	Chord	3/4	2	1	1/12		1/8	2/3	14									4	0	
4	3	33/4	33/4	0.3333333333333333	1/2	1/2	Chord	3/4	2	1	1/12		1/8	2/3	15									4	0	
4	3	103/12	103/12	0.3333333333333333	7/12	7/12	Chord	3/4	2	1	1/12		1/8	2/3	16									4	0	
4	3	107/12	107/12	0.3333333333333333	2/3	2/3	Chord	3/4	2	1	1/12		1/8	2/3	17										0	
4	3	25/4	25/4	3.0	0	0	Chord	3/4	3	1	3/4		1/2	3/2	18											
5	4	47/4	47/4	0.5	5/8	5/8	Chord	3/4	1	1	1/8		1/8	1	19	"Der
"										
5	4	37/4	37/4	0.0	0	0	Spanner	3/4	2	1	0															
5	4	37/4	37/4	0.0	0	0	Chord	3/4	2	1	0	grace32	1/32	1	20											
5	4	37/4	37/4	0.0	0	0	Chord	3/4	2	1	0	grace32	1/32	1	21											
5	4	37/4	37/4	0.0	0	0	Chord	3/4	2	1	0	grace32	1/32	1	22											
5	4	37/4	37/4	0.75	0	0	Chord	3/4	2	1	3/16		1/8	3/2	23									5		
5	4	10	10	0.25	3/16	3/16	Chord	3/4	2	1	1/16		1/16	1	24									5		
5	4	41/4	41/4	1.0	1/4	1/4	Chord	3/4	2	1	1/4		1/4	1	25											
5	4	37/4	37/4	2.0	0	0	Chord	3/4	3	1	1/2		1/2	1	26											
6	5	49/4	49/4	0.75	0	0	Chord	3/4	1	1	3/16		1/8	3/2	27	Reif										
6	5	13	13	0.25	3/16	3/16	Chord	3/4	1	1	1/16		1/16	1	28	hat										
6	5	53/4	53/4	1.5	1/4	1/4	Chord	3/4	1	1	3/8		1/4	3/2	29	ei-										
6	5	59/4	59/4	0.5	5/8	5/8	Chord	3/4	1	1	1/8		1/8	1	30	-nen										
6	5	49/4	49/4	3.0	0	0	Chord	3/4	3	1	3/4		1/2	3/2	31											
7	6	61/4	61/4	0.75	0	0	Chord	3/4	1	1	3/16		1/8	3/2	32	weis-										
7	6	16	16	0.25	3/16	3/16	Chord	3/4	1	1	1/16		1/16	1	33	-sen										
7	6	65/4	65/4	1.5	1/4	1/4	Chord	3/4	1	1	3/8		1/4	3/2	34	Schein										
7	6	71/4	71/4	0.5	5/8	5/8	Chord	3/4	1	1	1/8		1/8	1	35	mir-										
7	6	61/4	61/4	3.0	0	0	Chord	3/4	3	1	3/4		1/2	3/2	36											
8	7	73/4	73/4	1.0	0	0	Chord	3/4	1	1	1/4		1/4	1	37	-√º								6		
8	7	77/4	77/4	0.3333333333333333	1/4	1/4	Chord	3/4	1	1	1/12		1/8	2/3	38											
8	7	235/12	235/12	0.3333333333333333	1/3	1/3	Chord	3/4	1	1	1/12		1/8	2/3	39											
8	7	239/12	239/12	0.3333333333333333	5/12	5/12	Chord	3/4	1	1	1/12		1/8	2/3	40	ber's										
8	7	81/4	81/4	0.3333333333333333	1/2	1/2	Chord	3/4	1	1	1/12		1/8	2/3	41	Haupt		ornamentShortTrill								
8	7	247/12	247/12	0.3333333333333333	7/12	7/12	Chord	3/4	1	1	1/12		1/8	2/3	42											
8	7	251/12	251/12	0.3333333333333333	2/3	2/3	Chord	3/4	1	1	1/12		1/8	2/3	43	ge-										
8	7	73/4	73/4	3.0	0	0	Chord	3/4	3	1	3/4		1/2	3/2	44											
9	8	85/4	85/4	0.75	0	0	Chord	3/4	1	1	3/16		1/8	3/2	45	-streu-		ornamentShortTrill								
9	8	22	22	0.25	3/16	3/16	Chord	3/4	1	1	1/16		1/16	1	46											
9	8	89/4	89/4	1.0	1/4	1/4	Chord	3/4	1	1	1/4		1/4	1	47	-et;										
9	8	95/4	95/4	0.0	5/8	5/8	Spanner	3/4	2	1	0															1
9	8	95/4	95/4	0.5	5/8	5/8	Chord	3/4	2	1	1/8		1/8	1	48									7		1
9	8	85/4	85/4	3.0	0	0	Chord	3/4	3	1	3/4		1/2	3/2	49											
10	9	97/4	97/4	0.0	0	0	Spanner	3/4	2	1	0															
10	9	97/4	97/4	0.0	0	0	Spanner	3/4	2	1	0														1	
10	9	97/4	97/4	1.0	0	0	Chord	3/4	2	1	1/4		1/4	1	50									8	1	
10	9	101/4	101/4	0.3333333333333333	1/4	1/4	Chord	3/4	2	1	1/12		1/8	2/3	51									9	1	
10	9	307/12	307/12	0.3333333333333333	1/3	1/3	Chord	3/4	2	1	1/12		1/8	2/3	52									9	1	
10	9	311/12	311/12	0.3333333333333333	5/12	5/12	Chord	3/4	2	1	1/12		1/8	2/3	53									9	1	
10	9	105/4	105/4	0.3333333333333333	1/2	1/2	Chord	3/4	2	1	1/12		1/8	2/3	54									9	1	
10	9	319/12	319/12	0.3333333333333333	7/12	7/12	Chord	3/4	2	1	1/12		1/8	2/3	55									9	1	
10	9	323/12	323/12	0.3333333333333333	2/3	2/3	Chord	3/4	2	1	1/12		1/8	2/3	56										1	
10	9	97/4	97/4	3.0	0	0	Chord	3/4	3	1	3/4		1/2	3/2	57											
11	10	119/4	119/4	0.5	5/8	5/8	Chord	3/4	1	1	1/8		1/8	1	58	da										
11	10	109/4	109/4	0.0	0	0	Spanner	3/4	2	1	0															
11	10	109/4	109/4	0.0	0	0	Chord	3/4	2	1	0	grace32	1/32	1	59											
11	10	109/4	109/4	0.0	0	0	Chord	3/4	2	1	0	grace32	1/32	1	60											
11	10	109/4	109/4	0.0	0	0	Chord	3/4	2	1	0	grace32	1/32	1	61											
11	10	109/4	109/4	0.75	0	0	Chord	3/4	2	1	3/16		1/8	3/2	62									10		
11	10	28	28	0.25	3/16	3/16	Chord	3/4	2	1	1/16		1/16	1	63									10		
11	10	113/4	113/4	1.0	1/4	1/4	Chord	3/4	2	1	1/4		1/4	1	64											
11	10	109/4	109/4	2.0	0	0	Chord	3/4	3	1	1/2		1/2	1	65											
12	11	121/4	121/4	1.5	0	0	Chord	3/4	1	1	3/8		1/4	3/2	66	glaubt'										
12	11	127/4	127/4	0.5	3/8	3/8	Chord	3/4	1	1	1/8		1/8	1	67	ich										
12	11	129/4	129/4	0.5	1/2	1/2	Chord	3/4	1	1	1/8		1/8	1	68	schon										
12	11	131/4	131/4	0.5	5/8	5/8	Chord	3/4	1	1	1/8		1/8	1	69	ein										
12	11	121/4	121/4	3.0	0	0	Chord	3/4	2	1	3/4		1/2	3/2	70											
12	11	121/4	121/4	2.0	0	0	Chord	3/4	2	2	1/2		1/2	1	71									11		
12	11	129/4	129/4	0.5	1/2	1/2	Chord	3/4	2	2	1/8		1/8	1	72									12		
12	11	131/4	131/4	0.5	5/8	5/8	Chord	3/4	2	2	1/8		1/8	1	73											
12	11	121/4	121/4	2.0	0	0	Chord	3/4	3	1	1/2		1/2	1	74											
12	11	129/4	129/4	0.5	1/2	1/2	Chord	3/4	3	1	1/8		1/8	1	75									13		
12	11	131/4	131/4	0.5	5/8	5/8	Chord	3/4	3	1	1/8		1/8	1	76											
12	11	121/4	121/4	3.0	0	0	Chord	3/4	3	2	3/4		1/2	3/2	77											
13	12	133/4	133/4	0.75	0	0	Chord	3/4	1	1	3/16		1/8	3/2	78	Greis										
13	12	34	34	0.25	3/16	3/16	Chord	3/4	1	1	1/16		1/16	1	79	zu										
13	12	137/4	137/4	1.0	1/4	1/4	Chord	3/4	1	1	1/4		1/4	1	80	sein										
13	12	143/4	143/4	0.5	5/8	5/8	Chord	3/4	1	1	1/8		1/8	1	81	und										
13	12	133/4	133/4	1.0	0	0	Chord	3/4	2	1	1/4		1/4	1	82									14		
13	12	137/4	137/4	1.0	1/4	1/4	Chord	3/4	2	1	1/4		1/4	1	83											
13	12	143/4	143/4	0.5	5/8	5/8	Chord	3/4	2	1	1/8		1/8	1	84									15		
13	12	133/4	133/4	2.0	0	0	Chord	3/4	2	2	1/2		1/2	1	85											
13	12	133/4	133/4	1.0	0	0	Chord	3/4	3	1	1/4		1/4	1	86									16		
13	12	137/4	137/4	1.0	1/4	1/4	Chord	3/4	3	1	1/4		1/4	1	87											
13	12	143/4	143/4	0.5	5/8	5/8	Chord	3/4	3	1	1/8		1/8	1	88									17		
13	12	133/4	133/4	2.0	0	0	Chord	3/4	3	2	1/2		1/2	1	89											
13	12	143/4	143/4	0.5	5/8	5/8	Chord	3/4	3	2	1/8		1/8	1	90									18		
14	13	145/4	145/4	1.0	0	0	Chord	3/4	1	1	1/4		1/4	1	91	hab'								19		
14	13	149/4	149/4	0.3333333333333333	1/4	1/4	Chord	3/4	1	1	1/12		1/8	2/3	92											
14	13	451/12	451/12	0.3333333333333333	1/3	1/3	Chord	3/4	1	1	1/12		1/8	2/3	93											
14	13	455/12	455/12	0.3333333333333333	5/12	5/12	Chord	3/4	1	1	1/12		1/8	2/3	94	mich										
14	13	153/4	153/4	0.3333333333333333	1/2	1/2	Chord	3/4	1	1	1/12		1/8	2/3	95	sehr										
14	13	463/12	463/12	0.3333333333333333	7/12	7/12	Chord	3/4	1	1	1/12		1/8	2/3	96											
14	13	467/12	467/12	0.3333333333333333	2/3	2/3	Chord	3/4	1	1	1/12		1/8	2/3	97	ge-										
14	13	145/4	145/4	2.0	0	0	Chord	3/4	2	1	1/2		1/2	1	98											
14	13	153/4	153/4	1.0	1/2	1/2	Chord	3/4	2	1	1/4		1/4	1	99											
14	13	145/4	145/4	2.0	0	0	Chord	3/4	3	1	1/2		1/2	1	100											
14	13	153/4	153/4	0.3333333333333333	1/2	1/2	Chord	3/4	3	1	1/12		1/8	2/3	101									20		
14	13	463/12	463/12	0.3333333333333333	7/12	7/12	Chord	3/4	3	1	1/12		1/8	2/3	102									20		
14	13	467/12	467/12	0.3333333333333333	2/3	2/3	Chord	3/4	3	1	1/12		1/8	2/3	103											
14	13	145/4	145/4	2.0	0	0	Chord	3/4	3	2	1/2		1/2	1	104											
14	13	153/4	153/4	1.0	1/2	1/2	Chord	3/4	3	2	1/4		1/4	1	105											
15	14	157/4	157/4	0.0	0	0	Chord	3/4	1	1	0	appoggiatura	1/8	1	106											
15	14	157/4	157/4	1.0	0	0	Chord	3/4	1	1	1/4		1/4	1	107	-freu-										
15	14	161/4	161/4	1.0	1/4	1/4	Chord	3/4	1	1	1/4		1/4	1	108	-et										
15	14	157/4	157/4	1.0	0	0	Chord	3/4	2	1	1/4		1/4	1	109									21		
15	14	161/4	161/4	0.5	1/4	1/4	Chord	3/4	2	1	1/8		1/8	1	110											
15	14	167/4	167/4	0.5	5/8	5/8	Chord	3/4	2	1	1/8		1/8	1	111									22		
15	14	157/4	157/4	1.0	0	0	Chord	3/4	3	1	1/4		1/4	1	112									23		
15	14	161/4	161/4	0.5	1/4	1/4	Chord	3/4	3	1	1/8		1/8	1	113											
15	14	167/4	167/4	0.5	5/8	5/8	Chord	3/4	3	1	1/8		1/8	1	114									24		
16	15	169/4	169/4	2.0	0	0	Chord	3/4	2	1	1/2		1/2	1	115											
16	15	177/4	177/4	0.3333333333333333	1/2	1/2	Chord	3/4	2	1	1/12		1/8	2/3	116									25		
16	15	535/12	535/12	0.3333333333333333	7/12	7/12	Chord	3/4	2	1	1/12		1/8	2/3	117									25		
16	15	539/12	539/12	0.3333333333333333	2/3	2/3	Chord	3/4	2	1	1/12		1/8	2/3	118											
16	15	169/4	169/4	1.0	0	0	Chord	3/4	2	2	1/4		1/4	1	119											
16	15	173/4	173/4	0.3333333333333333	1/4	1/4	Chord	3/4	2	2	1/12		1/8	2/3	120									26		
16	15	523/12	523/12	0.3333333333333333	1/3	1/3	Chord	3/4	2	2	1/12		1/8	2/3	121									26		
16	15	527/12	527/12	0.3333333333333333	5/12	5/12	Chord	3/4	2	2	1/12		1/8	2/3	122											
16	15	177/4	177/4	1.0	1/2	1/2	Chord	3/4	2	2	1/4		1/4	1	123											
16	15	169/4	169/4	2.0	0	0	Chord	3/4	3	1	1/2		1/2	1	124											
16	15	177/4	177/4	0.3333333333333333	1/2	1/2	Chord	3/4	3	1	1/12		1/8	2/3	125									27		
16	15	535/12	535/12	0.3333333333333333	7/12	7/12	Chord	3/4	3	1	1/12		1/8	2/3	126									27		
16	15	539/12	539/12	0.3333333333333333	2/3	2/3	Chord	3/4	3	1	1/12		1/8	2/3	127											
16	15	169/4	169/4	2.0	0	0	Chord	3/4	3	2	1/2		1/2	1	128											
16	15	177/4	177/4	1.0	1/2	1/2	Chord	3/4	3	2	1/4		1/4	1	129											
17	16	191/4	191/4	0.5	5/8	5/8	Chord	3/4	1	1	1/8		1/8	1	130	Doch										
17	16	181/4	181/4	1.0	0	0	Chord	3/4	2	1	1/4		1/4	1	131									28		
17	16	185/4	185/4	0.5	1/4	1/4	Chord	3/4	2	1	1/8		1/8	1	132											
17	16	181/4	181/4	1.0	0	0	Chord	3/4	3	1	1/4		1/4	1	133											
17	16	185/4	185/4	0.5	1/4	1/4	Chord	3/4	3	1	1/8		1/8	1	134											
18	17	193/4	193/4	1.5	0	0	Chord	3/4	1	1	3/8		1/4	3/2	135	bald										
18	17	199/4	199/4	0.5	3/8	3/8	Chord	3/4	1	1	1/8		1/8	1	136	ist										
18	17	201/4	201/4	0.5	1/2	1/2	Chord	3/4	1	1	1/8		1/8	1	137	er										
18	17	203/4	203/4	0.5	5/8	5/8	Chord	3/4	1	1	1/8		1/8	1	138	hin-										
18	17	197/4	197/4	0.5	1/4	1/4	Chord	3/4	2	1	1/8		1/8	1	139											
18	17	197/4	197/4	0.0	1/4	1/4	Dynamic	3/4	3	1	0						mp									
18	17	197/4	197/4	0.5	1/4	1/4	Chord	3/4	3	1	1/8		1/8	1	140											
19	18	205/4	205/4	0.75	0	0	Chord	3/4	1	1	3/16		1/8	3/2	141	-weg-										
19	18	52	52	0.25	3/16	3/16	Chord	3/4	1	1	1/16		1/16	1	142	-ge-										
19	18	209/4	209/4	1.0	1/4	1/4	Chord	3/4	1	1	1/4		1/4	1	143	-thaut,										
19	18	215/4	215/4	0.5	5/8	5/8	Chord	3/4	1	1	1/8		1/8	1	144	hab'										
19	18	209/4	209/4	0.5	1/4	1/4	Chord	3/4	2	1	1/8		1/8	1	145											
19	18	209/4	209/4	0.5	1/4	1/4	Chord	3/4	3	1	1/8		1/8	1	146											
20	19	217/4	217/4	1.5	0	0	Chord	3/4	1	1	3/8		1/4	3/2	147	wie-										
20	19	223/4	223/4	0.5	3/8	3/8	Chord	3/4	1	1	1/8		1/8	1	148	-der										
20	19	225/4	225/4	0.3333333333333333	1/2	1/2	Chord	3/4	1	1	1/12		1/8	2/3	149	schwar-										
20	19	679/12	679/12	0.3333333333333333	7/12	7/12	Chord	3/4	1	1	1/12		1/8	2/3	150											
20	19	683/12	683/12	0.3333333333333333	2/3	2/3	Chord	3/4	1	1	1/12		1/8	2/3	151	-ze										
20	19	221/4	221/4	0.5	1/4	1/4	Chord	3/4	2	1	1/8		1/8	1	152											
20	19	217/4	217/4	0.0	0	0	Dynamic	3/4	3	1	0						mf									
20	19	221/4	221/4	0.5	1/4	1/4	Chord	3/4	3	1	1/8		1/8	1	153											
21	20	229/4	229/4	1.0	0	0	Chord	3/4	1	1	1/4		1/4	1	154	Haa-										
21	20	233/4	233/4	1.0	1/4	1/4	Chord	3/4	1	1	1/4		1/4	1	155	-re,										
21	20	239/4	239/4	0.5	5/8	5/8	Chord	3/4	1	1	1/8		1/8	1	156	dass										
21	20	233/4	233/4	0.5	1/4	1/4	Chord	3/4	2	1	1/8		1/8	1	157											
21	20	233/4	233/4	0.5	1/4	1/4	Chord	3/4	3	1	1/8		1/8	1	158											
22	21	241/4	241/4	0.75	0	0	Chord	3/4	1	1	3/16		1/8	3/2	159	mir's										
22	21	61	61	0.25	3/16	3/16	Chord	3/4	1	1	1/16		1/16	1	160	vor										
22	21	245/4	245/4	0.75	1/4	1/4	Chord	3/4	1	1	3/16		1/8	3/2	161	mei-										
22	21	62	62	0.25	7/16	7/16	Chord	3/4	1	1	1/16		1/16	1	162	-ner										
22	21	249/4	249/4	0.75	1/2	1/2	Chord	3/4	1	1	3/16		1/8	3/2	163	Ju-										
22	21	63	63	0.25	11/16	11/16	Chord	3/4	1	1	1/16		1/16	1	164	-gend										
22	21	241/4	241/4	0.0	0	0	Spanner	3/4	2	1	0															2
22	21	241/4	241/4	0.5	0	0	Chord	3/4	2	1	1/8		1/8	1	165											2
22	21	245/4	245/4	0.5	1/4	1/4	Chord	3/4	2	1	1/8		1/8	1	166											2
22	21	249/4	249/4	0.5	1/2	1/2	Chord	3/4	2	1	1/8		1/8	1	167											2
22	21	241/4	241/4	0.0	0	0	Dynamic	3/4	3	1	0						p									
22	21	241/4	241/4	0.5	0	0	Chord	3/4	3	1	1/8		1/8	1	168											
22	21	245/4	245/4	0.5	1/4	1/4	Chord	3/4	3	1	1/8		1/8	1	169											
22	21	249/4	249/4	0.5	1/2	1/2	Chord	3/4	3	1	1/8		1/8	1	170											
23	22	253/4	253/4	2.0	0	0	Chord	3/4	1	1	1/2		1/2	1	171	graut										
23	22	253/4	253/4	0.0	0	0	Spanner	3/4	2	1	0															
23	22	253/4	253/4	0.0	0	0	Spanner	3/4	2	1	0														2	
23	22	253/4	253/4	3.0	0	0	Chord	3/4	2	1	3/4		1/2	3/2	172									29	2	
23	22	253/4	253/4	2.0	0	0	Chord	3/4	2	2	1/2		1/2	1	173										2	
23	22	261/4	261/4	1.0	1/2	1/2	Chord	3/4	2	2	1/4		1/4	1	174										2	
23	22	253/4	253/4	0.0	0	0	Dynamic	3/4	3	1	0						fz									
23	22	253/4	253/4	1.75	0	0	Chord	3/4	3	1	7/16		1/4	7/4	175									30		
23	22	65	65	0.25	7/16	7/16	Chord	3/4	3	1	1/16		1/16	1	176									30		
23	22	261/4	261/4	0.0	1/2	1/2	Dynamic	3/4	3	1	0						p							30		
23	22	261/4	261/4	0.75	1/2	1/2	Chord	3/4	3	1	3/16		1/8	3/2	177									30		
23	22	66	66	0.25	11/16	11/16	Chord	3/4	3	1	1/16		1/16	1	178									30		
24	23	265/4	265/4	0.0	0	0	Spanner	3/4	2	1	0															
24	23	265/4	265/4	3.0	0	0	Chord	3/4	2	1	3/4		1/2	3/2	179											
24	23	265/4	265/4	3.0	0	0	Chord	3/4	3	1	3/4		1/2	3/2	180											
25	24	287/4	287/4	0.5	5/8	5/8	Chord	3/4	1	1	1/8		1/8	1	181	wie										
25	24	279/4	279/4	0.5	1/8	1/8	Chord	3/4	2	1	1/8		1/8	1	182									31		
25	24	281/4	281/4	0.5	1/4	1/4	Chord	3/4	2	1	1/8		1/8	1	183									31		
25	24	283/4	283/4	0.5	3/8	3/8	Chord	3/4	2	1	1/8		1/8	1	184									31		
25	24	285/4	285/4	0.5	1/2	1/2	Chord	3/4	2	1	1/8		1/8	1	185									31		
25	24	287/4	287/4	0.5	5/8	5/8	Chord	3/4	2	1	1/8		1/8	1	186											
25	24	279/4	279/4	0.0	1/8	1/8	Dynamic	3/4	3	1	0						p									
25	24	279/4	279/4	0.5	1/8	1/8	Chord	3/4	3	1	1/8		1/8	1	187									32		
25	24	281/4	281/4	0.5	1/4	1/4	Chord	3/4	3	1	1/8		1/8	1	188									32		
25	24	283/4	283/4	0.5	3/8	3/8	Chord	3/4	3	1	1/8		1/8	1	189									32		
25	24	285/4	285/4	0.5	1/2	1/2	Chord	3/4	3	1	1/8		1/8	1	190									32		
25	24	287/4	287/4	0.5	5/8	5/8	Chord	3/4	3	1	1/8		1/8	1	191											
26	25	289/4	289/4	1.5	0	0	Chord	3/4	1	1	3/8		1/4	3/2	192	weit										
26	25	295/4	295/4	0.5	3/8	3/8	Chord	3/4	1	1	1/8		1/8	1	193	noch										
26	25	297/4	297/4	0.75	1/2	1/2	Chord	3/4	1	1	3/16		1/8	3/2	194	bis										
26	25	75	75	0.25	11/16	11/16	Chord	3/4	1	1	1/16		1/16	1	195	zur										
26	25	289/4	289/4	0.0	0	0	Chord	3/4	2	1	0	grace32	1/32	1	196											
26	25	289/4	289/4	0.0	0	0	Chord	3/4	2	1	0	grace32	1/32	1	197											
26	25	289/4	289/4	1.5	0	0	Chord	3/4	2	1	3/8		1/4	3/2	198			articAccentAbove						33		
26	25	295/4	295/4	0.5	3/8	3/8	Chord	3/4	2	1	1/8		1/8	1	199									33		
26	25	297/4	297/4	0.75	1/2	1/2	Chord	3/4	2	1	3/16		1/8	3/2	200									33		
26	25	75	75	0.25	11/16	11/16	Chord	3/4	2	1	1/16		1/16	1	201									33		
26	25	289/4	289/4	0.0	0	0	Chord	3/4	3	1	0	grace32	1/32	1	202											
26	25	289/4	289/4	0.0	0	0	Chord	3/4	3	1	0	grace32	1/32	1	203											
26	25	289/4	289/4	1.5	0	0	Chord	3/4	3	1	3/8		1/4	3/2	204			articAccentBelow						34		
26	25	295/4	295/4	0.5	3/8	3/8	Chord	3/4	3	1	1/8		1/8	1	205									34		
26	25	297/4	297/4	0.75	1/2	1/2	Chord	3/4	3	1	3/16		1/8	3/2	206									34		
26	25	75	75	0.25	11/16	11/16	Chord	3/4	3	1	1/16		1/16	1	207									34		
27	26	301/4	301/4	0.5	0	0	Chord	3/4	1	1	1/8		1/8	1	208	Bah-										
27	26	303/4	303/4	0.5	1/8	1/8	Chord	3/4	1	1	1/8		1/8	1	209	-re!										
27	26	311/4	311/4	0.5	5/8	5/8	Chord	3/4	1	1	1/8		1/8	1	210	wie										
27	26	301/4	301/4	2.0	0	0	Chord	3/4	2	1	1/2		1/2	1	211									33		
27	26	309/4	309/4	1.0	1/2	1/2	Chord	3/4	2	1	1/4		1/4	1	212											
27	26	301/4	301/4	2.0	0	0	Chord	3/4	3	1	1/2		1/2	1	213									34		
27	26	309/4	309/4	1.0	1/2	1/2	Chord	3/4	3	1	1/4		1/4	1	214											
28	27	313/4	313/4	1.5	0	0	Chord	3/4	1	1	3/8		1/4	3/2	215	weit										
28	27	319/4	319/4	0.5	3/8	3/8	Chord	3/4	1	1	1/8		1/8	1	216	noch										
28	27	321/4	321/4	0.75	1/2	1/2	Chord	3/4	1	1	3/16		1/8	3/2	217	bis										
28	27	81	81	0.25	11/16	11/16	Chord	3/4	1	1	1/16		1/16	1	218	zur										
28	27	313/4	313/4	0.0	0	0	Chord	3/4	2	1	0	grace32	1/32	1	219											
28	27	313/4	313/4	0.0	0	0	Chord	3/4	2	1	0	grace32	1/32	1	220											
28	27	313/4	313/4	1.5	0	0	Chord	3/4	2	1	3/8		1/4	3/2	221			articAccentBelow						35		
28	27	319/4	319/4	0.5	3/8	3/8	Chord	3/4	2	1	1/8		1/8	1	222									35		
28	27	321/4	321/4	0.75	1/2	1/2	Chord	3/4	2	1	3/16		1/8	3/2	223									35		
28	27	81	81	0.25	11/16	11/16	Chord	3/4	2	1	1/16		1/16	1	224									35		
28	27	313/4	313/4	0.0	0	0	Chord	3/4	3	1	0	grace32	1/32	1	225											
28	27	313/4	313/4	0.0	0	0	Chord	3/4	3	1	0	grace32	1/32	1	226											
28	27	313/4	313/4	1.5	0	0	Chord	3/4	3	1	3/8		1/4	3/2	227			articAccentBelow						36		
28	27	319/4	319/4	0.5	3/8	3/8	Chord	3/4	3	1	1/8		1/8	1	228									36		
28	27	321/4	321/4	0.75	1/2	1/2	Chord	3/4	3	1	3/16		1/8	3/2	229									36		
28	27	81	81	0.25	11/16	11/16	Chord	3/4	3	1	1/16		1/16	1	230									36		
29	28	325/4	325/4	0.0	0	0	Chord	3/4	1	1	0	grace32	1/32	1	231											
29	28	325/4	325/4	0.5	0	0	Chord	3/4	1	1	1/8		1/8	1	232	Bah-										
29	28	327/4	327/4	0.5	1/8	1/8	Chord	3/4	1	1	1/8		1/8	1	233	-re!										
29	28	325/4	325/4	3.0	0	0	Chord	3/4	2	1	3/4		1/2	3/2	234									37		
29	28	325/4	325/4	3.0	0	0	Chord	3/4	3	1	3/4		1/2	3/2	235									38		
30	29	347/4	347/4	0.5	5/8	5/8	Chord	3/4	1	1	1/8		1/8	1	236	Vom										
30	29	337/4	337/4	0.0	0	0	Dynamic	3/4	2	1	0						pp									
30	29	337/4	337/4	2.0	0	0	Chord	3/4	2	1	1/2		1/2	1	237											
30	29	337/4	337/4	2.0	0	0	Chord	3/4	3	1	1/2		1/2	1	238											
31	30	349/4	349/4	0.75	0	0	Chord	3/4	1	1	3/16		1/8	3/2	239	A-										
31	30	88	88	0.25	3/16	3/16	Chord	3/4	1	1	1/16		1/16	1	240	-bend-										
31	30	353/4	353/4	1.5	1/4	1/4	Chord	3/4	1	1	3/8		1/4	3/2	241											
31	30	359/4	359/4	0.5	5/8	5/8	Chord	3/4	1	1	1/8		1/8	1	242	zum										
31	30	349/4	349/4	0.0	0	0	Dynamic	3/4	3	1	0						p									
31	30	349/4	349/4	3.0	0	0	Chord	3/4	3	1	3/4		1/2	3/2	243											
32	31	361/4	361/4	0.75	0	0	Chord	3/4	1	1	3/16		1/8	3/2	244	Mor-										
32	31	91	91	0.25	3/16	3/16	Chord	3/4	1	1	1/16		1/16	1	245	-gen-										
32	31	365/4	365/4	1.5	1/4	1/4	Chord	3/4	1	1	3/8		1/4	3/2	246	-licht										
32	31	371/4	371/4	0.5	5/8	5/8	Chord	3/4	1	1	1/8		1/8	1	247	ward										
32	31	361/4	361/4	3.0	0	0	Chord	3/4	3	1	3/4		1/2	3/2	248											
33	32	373/4	373/4	1.0	0	0	Chord	3/4	1	1	1/4		1/4	1	249	man-										
33	32	377/4	377/4	0.3333333333333333	1/4	1/4	Chord	3/4	1	1	1/12		1/8	2/3	250											
33	32	1135/12	1135/12	0.3333333333333333	1/3	1/3	Chord	3/4	1	1	1/12		1/8	2/3	251											
33	32	1139/12	1139/12	0.3333333333333333	5/12	5/12	Chord	3/4	1	1	1/12		1/8	2/3	252	-cher										
33	32	381/4	381/4	0.3333333333333333	1/2	1/2	Chord	3/4	1	1	1/12		1/8	2/3	253	Kopf		ornamentShortTrill								
33	32	1147/12	1147/12	0.3333333333333333	7/12	7/12	Chord	3/4	1	1	1/12		1/8	2/3	254											
33	32	1151/12	1151/12	0.3333333333333333	2/3	2/3	Chord	3/4	1	1	1/12		1/8	2/3	255	zum										
33	32	373/4	373/4	3.0	0	0	Chord	3/4	3	1	3/4		1/2	3/2	256											
34	33	385/4	385/4	0.75	0	0	Chord	3/4	1	1	3/16		1/8	3/2	257	Grei-		ornamentShortTrill								
34	33	97	97	0.25	3/16	3/16	Chord	3/4	1	1	1/16		1/16	1	258											
34	33	389/4	389/4	1.0	1/4	1/4	Chord	3/4	1	1	1/4		1/4	1	259	-se										
34	33	395/4	395/4	0.0	5/8	5/8	Spanner	3/4	2	1	0															3
34	33	395/4	395/4	0.5	5/8	5/8	Chord	3/4	2	1	1/8		1/8	1	260									39		3
34	33	385/4	385/4	3.0	0	0	Chord	3/4	3	1	3/4		1/2	3/2	261											
35	34	397/4	397/4	0.0	0	0	Spanner	3/4	2	1	0															
35	34	397/4	397/4	0.0	0	0	Spanner	3/4	2	1	0														3	
35	34	397/4	397/4	1.0	0	0	Chord	3/4	2	1	1/4		1/4	1	262										3	
35	34	401/4	401/4	0.3333333333333333	1/4	1/4	Chord	3/4	2	1	1/12		1/8	2/3	263									40	3	
35	34	1207/12	1207/12	0.3333333333333333	1/3	1/3	Chord	3/4	2	1	1/12		1/8	2/3	264									40	3	
35	34	1211/12	1211/12	0.3333333333333333	5/12	5/12	Chord	3/4	2	1	1/12		1/8	2/3	265									40	3	
35	34	405/4	405/4	0.3333333333333333	1/2	1/2	Chord	3/4	2	1	1/12		1/8	2/3	266									40	3	
35	34	1219/12	1219/12	0.3333333333333333	7/12	7/12	Chord	3/4	2	1	1/12		1/8	2/3	267									40	3	
35	34	1223/12	1223/12	0.3333333333333333	2/3	2/3	Chord	3/4	2	1	1/12		1/8	2/3	268										3	
35	34	397/4	397/4	3.0	0	0	Chord	3/4	3	1	3/4		1/2	3/2	269											
36	35	419/4	419/4	0.5	5/8	5/8	Chord	3/4	1	1	1/8		1/8	1	270	Wer										
36	35	409/4	409/4	0.0	0	0	Spanner	3/4	2	1	0															
36	35	409/4	409/4	0.0	0	0	Chord	3/4	2	1	0	grace32	1/32	1	271											
36	35	409/4	409/4	0.0	0	0	Chord	3/4	2	1	0	grace32	1/32	1	272											
36	35	409/4	409/4	0.0	0	0	Chord	3/4	2	1	0	grace32	1/32	1	273											
36	35	409/4	409/4	0.75	0	0	Chord	3/4	2	1	3/16		1/8	3/2	274									41		
36	35	103	103	0.25	3/16	3/16	Chord	3/4	2	1	1/16		1/16	1	275									41		
36	35	413/4	413/4	1.0	1/4	1/4	Chord	3/4	2	1	1/4		1/4	1	276											
36	35	409/4	409/4	2.0	0	0	Chord	3/4	3	1	1/2		1/2	1	277											
37	36	421/4	421/4	1.5	0	0	Chord	3/4	1	1	3/8		1/4	3/2	278	glaubt's										
37	36	427/4	427/4	0.5	3/8	3/8	Chord	3/4	1	1	1/8		1/8	1	279	und										
37	36	429/4	429/4	0.5	1/2	1/2	Chord	3/4	1	1	1/8		1/8	1	280	mei-										
37	36	431/4	431/4	0.5	5/8	5/8	Chord	3/4	1	1	1/8		1/8	1	281	-ner										
37	36	421/4	421/4	2.0	0	0	Chord	3/4	2	1	1/2		1/2	1	282									42		
37	36	429/4	429/4	0.5	1/2	1/2	Chord	3/4	2	1	1/8		1/8	1	283									43		
37	36	431/4	431/4	0.5	5/8	5/8	Chord	3/4	2	1	1/8		1/8	1	284											
37	36	421/4	421/4	3.0	0	0	Chord	3/4	2	2	3/4		1/2	3/2	285											
37	36	421/4	421/4	3.0	0	0	Chord	3/4	3	1	3/4		1/2	3/2	286											
38	37	433/4	433/4	0.75	0	0	Chord	3/4	1	1	3/16		1/8	3/2	287	ward										
38	37	109	109	0.25	3/16	3/16	Chord	3/4	1	1	1/16		1/16	1	288	es										
38	37	437/4	437/4	1.0	1/4	1/4	Chord	3/4	1	1	1/4		1/4	1	289	nicht										
38	37	443/4	443/4	0.5	5/8	5/8	Chord	3/4	1	1	1/8		1/8	1	290	auf										
38	37	433/4	433/4	1.0	0	0	Chord	3/4	2	1	1/4		1/4	1	291									44		
38	37	437/4	437/4	1.0	1/4	1/4	Chord	3/4	2	1	1/4		1/4	1	292											
38	37	433/4	433/4	2.0	0	0	Chord	3/4	3	1	1/2		1/2	1	293											
39	38	445/4	445/4	1.0	0	0	Chord	3/4	1	1	1/4		1/4	1	294	die-								45		
39	38	449/4	449/4	0.3333333333333333	1/4	1/4	Chord	3/4	1	1	1/12		1/8	2/3	295											
39	38	1351/12	1351/12	0.3333333333333333	1/3	1/3	Chord	3/4	1	1	1/12		1/8	2/3	296											
39	38	1355/12	1355/12	0.3333333333333333	5/12	5/12	Chord	3/4	1	1	1/12		1/8	2/3	297	-ser										
39	38	453/4	453/4	0.3333333333333333	1/2	1/2	Chord	3/4	1	1	1/12		1/8	2/3	298	gan-										
39	38	1363/12	1363/12	0.3333333333333333	7/12	7/12	Chord	3/4	1	1	1/12		1/8	2/3	299											
39	38	1367/12	1367/12	0.3333333333333333	2/3	2/3	Chord	3/4	1	1	1/12		1/8	2/3	300	-zen										
39	38	445/4	445/4	1.0	0	0	Chord	3/4	2	1	1/4		1/4	1	301									46		
39	38	449/4	449/4	0.3333333333333333	1/4	1/4	Chord	3/4	2	1	1/12		1/8	2/3	302									47		
39	38	1351/12	1351/12	0.3333333333333333	1/3	1/3	Chord	3/4	2	1	1/12		1/8	2/3	303									47		
39	38	1355/12	1355/12	0.3333333333333333	5/12	5/12	Chord	3/4	2	1	1/12		1/8	2/3	304									47		
39	38	453/4	453/4	0.3333333333333333	1/2	1/2	Chord	3/4	2	1	1/12		1/8	2/3	305									47		
39	38	1363/12	1363/12	0.3333333333333333	7/12	7/12	Chord	3/4	2	1	1/12		1/8	2/3	306									47		
39	38	1367/12	1367/12	0.3333333333333333	2/3	2/3	Chord	3/4	2	1	1/12		1/8	2/3	307											
39	38	445/4	445/4	2.0	0	0	Chord	3/4	2	2	1/2		1/2	1	308											
39	38	453/4	453/4	1.0	1/2	1/2	Chord	3/4	2	2	1/4		1/4	1	309											
39	38	445/4	445/4	2.0	0	0	Chord	3/4	3	1	1/2		1/2	1	310									48		
39	38	453/4	453/4	1.0	1/2	1/2	Chord	3/4	3	1	1/4		1/4	1	311											
40	39	457/4	457/4	1.0	0	0	Chord	3/4	1	1	1/4		1/4	1	312	Rei-										
40	39	461/4	461/4	1.0	1/4	1/4	Chord	3/4	1	1	1/4		1/4	1	313	-se										
40	39	467/4	467/4	0.5	5/8	5/8	Chord	3/4	1	1	1/8		1/8	1	314	auf										
40	39	457/4	457/4	1.0	0	0	Chord	3/4	2	1	1/4		1/4	1	315									49		
40	39	461/4	461/4	1.0	1/4	1/4	Chord	3/4	2	1	1/4		1/4	1	316											
40	39	457/4	457/4	2.0	0	0	Chord	3/4	2	2	1/2		1/2	1	317											
40	39	457/4	457/4	1.0	0	0	Chord	3/4	3	1	1/4		1/4	1	318									50		
40	39	461/4	461/4	1.0	1/4	1/4	Chord	3/4	3	1	1/4		1/4	1	319											
41	40	469/4	469/4	1.0	0	0	Chord	3/4	1	1	1/4		1/4	1	320	die-										
41	40	473/4	473/4	0.3333333333333333	1/4	1/4	Chord	3/4	1	1	1/12		1/8	2/3	321											
41	40	1423/12	1423/12	0.3333333333333333	1/3	1/3	Chord	3/4	1	1	1/12		1/8	2/3	322											
41	40	1427/12	1427/12	0.3333333333333333	5/12	5/12	Chord	3/4	1	1	1/12		1/8	2/3	323	-ser										
41	40	477/4	477/4	0.3333333333333333	1/2	1/2	Chord	3/4	1	1	1/12		1/8	2/3	324	gan-										
41	40	1435/12	1435/12	0.3333333333333333	7/12	7/12	Chord	3/4	1	1	1/12		1/8	2/3	325											
41	40	1439/12	1439/12	0.3333333333333333	2/3	2/3	Chord	3/4	1	1	1/12		1/8	2/3	326	-zen										
41	40	469/4	469/4	0.0	0	0	Dynamic	3/4	2	1	0						f									
41	40	469/4	469/4	2.0	0	0	Chord	3/4	3	1	1/2		1/2	1	327											
41	40	477/4	477/4	1.0	1/2	1/2	Chord	3/4	3	1	1/4		1/4	1	328											
41	40	469/4	469/4	2.0	0	0	Chord	3/4	3	2	1/2		1/2	1	329											
41	40	477/4	477/4	1.0	1/2	1/2	Chord	3/4	3	2	1/4		1/4	1	330											
42	41	481/4	481/4	3.0	0	0	Chord	3/4	1	1	3/4		1/2	3/2	331	Rei-										
42	41	481/4	481/4	1.0	0	0	Chord	3/4	3	1	1/4		1/4	1	332									51		
42	41	485/4	485/4	0.5	1/4	1/4	Chord	3/4	3	1	1/8		1/8	1	333									51		
42	41	487/4	487/4	0.5	3/8	3/8	Chord	3/4	3	1	1/8		1/8	1	334									51		
42	41	489/4	489/4	1.0	1/2	1/2	Chord	3/4	3	1	1/4		1/4	1	335											
42	41	481/4	481/4	3.0	0	0	Chord	3/4	3	2	3/4		1/2	3/2	336											
43	42	493/4	493/4	1.0	0	0	Chord	3/4	1	1	1/4		1/4	1	337	-se!										
43	42	493/4	493/4	0.0	0	0	Dynamic	3/4	2	1	0						p									
43	42	503/4	503/4	0.0	5/8	5/8	Spanner	3/4	2	1	0															4
43	42	503/4	503/4	0.5	5/8	5/8	Chord	3/4	2	1	1/8		1/8	1	338									52		4
43	42	493/4	493/4	3.0	0	0	Chord	3/4	3	1	3/4		1/2	3/2	339											
44	43	505/4	505/4	0.0	0	0	Spanner	3/4	2	1	0															
44	43	505/4	505/4	0.0	0	0	Spanner	3/4	2	1	0														4	
44	43	505/4	505/4	1.0	0	0	Chord	3/4	2	1	1/4		1/4	1	340										4	
44	43	509/4	509/4	0.3333333333333333	1/4	1/4	Chord	3/4	2	1	1/12		1/8	2/3	341									53	4	
44	43	1531/12	1531/12	0.3333333333333333	1/3	1/3	Chord	3/4	2	1	1/12		1/8	2/3	342									53	4	
44	43	1535/12	1535/12	0.3333333333333333	5/12	5/12	Chord	3/4	2	1	1/12		1/8	2/3	343									53	4	
44	43	513/4	513/4	0.3333333333333333	1/2	1/2	Chord	3/4	2	1	1/12		1/8	2/3	344									53	4	
44	43	1543/12	1543/12	0.3333333333333333	7/12	7/12	Chord	3/4	2	1	1/12		1/8	2/3	345									53	4	
44	43	1547/12	1547/12	0.3333333333333333	2/3	2/3	Chord	3/4	2	1	1/12		1/8	2/3	346										4	
44	43	505/4	505/4	0.0	0	0	Dynamic	3/4	3	1	0						pp									
44	43	505/4	505/4	3.0	0	0	Chord	3/4	3	1	3/4		1/2	3/2	347											
45	44	517/4	517/4	0.0	0	0	Spanner	3/4	2	1	0															
45	44	517/4	517/4	0.0	0	0	Chord	3/4	2	1	0	grace32	1/32	1	348											
45	44	517/4	517/4	0.0	0	0	Chord	3/4	2	1	0	grace32	1/32	1	349											
45	44	517/4	517/4	0.0	0	0	Chord	3/4	2	1	0	grace32	1/32	1	350											
45	44	517/4	517/4	0.75	0	0	Chord	3/4	2	1	3/16		1/8	3/2	351									54		
45	44	130	130	0.25	3/16	3/16	Chord	3/4	2	1	1/16		1/16	1	352									54		
45	44	521/4	521/4	1.0	1/4	1/4	Chord	3/4	2	1	1/4		1/4	1	353											
45	44	517/4	517/4	2.0	0	0	Chord	3/4	3	1	1/2		1/2	1	354											
